review_id,review,local_guide_reviews,rating_score,service,meal_type,price_per_person_category,food_score,service_score,atmosphere_score,recommendations_list,date,avg_price_per_person
0,J'adore venir ici. Une expérience typiquement parisienne. Le chocolat chaud avec crème c’est la spécialité. Je recommande le croque-monsieur et la salade d'artichauts. Quartier magnifique.,26,4,,,,,,,[''],2026-02-01,
1,"Je suis allée dans ce café vers 16h. Il y avait pas mal de monde, aussi bien en terrasse qu’à l’intérieur. J’ai attendu environ cinq minutes à l’entrée avant que le personnel m’accueille et me trouve une place. J’étais installée dans la …",475,4,,,,,,,[''],2026-02-01,
2,"Bar / snacking / restauration situé en plein coeur de Paris à Saint Germain.
Si le cadre est sympa et original, les prix pour un touriste lambda sont dissuasifs : 5€50 le café, 8€50 une limonade....etc. …",129,3,,,,,,,[''],2025-12-01,
3,"Lieu emblématique de Paris, à la décoration très traditionnelle qui en fait son charme.
Par contre j’étais venu pour le chocolat chaud, classé comme un des meilleurs de …",194,2,,,,,,,[''],2025-12-01,
4,"Le café de Flore, est un lieu mythique. Une ambiance très parisienne sur le boulevard Saint Germain des Prés. La cuisine est délicieuse. Moment agréable et convivial.
Le service impeccable.",16,4,,,,,,,[''],2025-11-01,
5,Wir haben 5 mal hier gefrühstückt und hatten immer sehr nette und hilfsbereite Servicekräfte an unserer Seite. Ein ruhiges Plätzchen findet sich eher unter der Woche❣️Herzlichen Dank …,12,5,,,,,,,[''],2025-11-01,
6,nous étions un petit groupe d'amies en virée parisienne et voulions boire dans un lieu chargé d'histoire. nous avons été très bien accueilli par Vanessa la placeuse avec beaucoup d'humour (nous étions 10...)merci encore . Puis servi par …,4,5,,,,,,,[''],2026-02-09,
7,"Passage incontournable au Café de Flore ! L’endroit est mythique et chargé d’histoire, on s’y imprègne immédiatement de l’atmosphère parisienne. La terrasse est parfaite pour observer la vie du quartier, et l’intérieur a ce charme …",3,5,,,,,,,[''],2026-02-09,
